"approved_at_utc","approved_by","archived","associated_award","author","author_flair_background_color","author_flair_css_class","author_flair_template_id","author_flair_text","author_flair_text_color","author_flair_type","author_fullname","author_is_blocked","author_patreon_flair","author_premium","banned_at_utc","banned_by","body","body_html","can_gild","can_mod_post","collapsed","collapsed_because_crowd_control","collapsed_reason","collapsed_reason_code","comment_type","controversiality","count","created","created_utc","depth","distinguished","downs","edited","gilded","id","is_submitter","likes","link_id","locked","mod_note","mod_reason_by","mod_reason_title","name","no_follow","num_reports","parent_id","permalink","removal_reason","replies","replies/data/after","replies/data/before","replies/data/children/0/data/approved_at_utc","replies/data/children/0/data/approved_by","replies/data/children/0/data/archived","replies/data/children/0/data/associated_award","replies/data/children/0/data/author","replies/data/children/0/data/author_flair_background_color","replies/data/children/0/data/author_flair_css_class","replies/data/children/0/data/author_flair_template_id","replies/data/children/0/data/author_flair_text","replies/data/children/0/data/author_flair_text_color","replies/data/children/0/data/author_flair_type","replies/data/children/0/data/author_fullname","replies/data/children/0/data/author_is_blocked","replies/data/children/0/data/author_patreon_flair","replies/data/children/0/data/author_premium","replies/data/children/0/data/banned_at_utc","replies/data/children/0/data/banned_by","replies/data/children/0/data/body","replies/data/children/0/data/body_html","replies/data/children/0/data/can_gild","replies/data/children/0/data/can_mod_post","replies/data/children/0/data/collapsed","replies/data/children/0/data/collapsed_because_crowd_control","replies/data/children/0/data/collapsed_reason","replies/data/children/0/data/collapsed_reason_code","replies/data/children/0/data/comment_type","replies/data/children/0/data/controversiality","replies/data/children/0/data/count","replies/data/children/0/data/created","replies/data/children/0/data/created_utc","replies/data/children/0/data/depth","replies/data/children/0/data/distinguished","replies/data/children/0/data/downs","replies/data/children/0/data/edited","replies/data/children/0/data/gilded","replies/data/children/0/data/id","replies/data/children/0/data/is_submitter","replies/data/children/0/data/likes","replies/data/children/0/data/link_id","replies/data/children/0/data/locked","replies/data/children/0/data/mod_note","replies/data/children/0/data/mod_reason_by","replies/data/children/0/data/mod_reason_title","replies/data/children/0/data/name","replies/data/children/0/data/no_follow","replies/data/children/0/data/num_reports","replies/data/children/0/data/parent_id","replies/data/children/0/data/permalink","replies/data/children/0/data/removal_reason","replies/data/children/0/data/replies","replies/data/children/0/data/replies/data/after","replies/data/children/0/data/replies/data/before","replies/data/children/0/data/replies/data/children/0/data/approved_at_utc","replies/data/children/0/data/replies/data/children/0/data/approved_by","replies/data/children/0/data/replies/data/children/0/data/archived","replies/data/children/0/data/replies/data/children/0/data/associated_award","replies/data/children/0/data/replies/data/children/0/data/author","replies/data/children/0/data/replies/data/children/0/data/author_flair_background_color","replies/data/children/0/data/replies/data/children/0/data/author_flair_css_class","replies/data/children/0/data/replies/data/children/0/data/author_flair_template_id","replies/data/children/0/data/replies/data/children/0/data/author_flair_text","replies/data/children/0/data/replies/data/children/0/data/author_flair_text_color","replies/data/children/0/data/replies/data/children/0/data/author_flair_type","replies/data/children/0/data/replies/data/children/0/data/author_fullname","replies/data/children/0/data/replies/data/children/0/data/author_is_blocked","replies/data/children/0/data/replies/data/children/0/data/author_patreon_flair","replies/data/children/0/data/replies/data/children/0/data/author_premium","replies/data/children/0/data/replies/data/children/0/data/banned_at_utc","replies/data/children/0/data/replies/data/children/0/data/banned_by","replies/data/children/0/data/replies/data/children/0/data/body","replies/data/children/0/data/replies/data/children/0/data/body_html","replies/data/children/0/data/replies/data/children/0/data/can_gild","replies/data/children/0/data/replies/data/children/0/data/can_mod_post","replies/data/children/0/data/replies/data/children/0/data/collapsed","replies/data/children/0/data/replies/data/children/0/data/collapsed_because_crowd_control","replies/data/children/0/data/replies/data/children/0/data/collapsed_reason","replies/data/children/0/data/replies/data/children/0/data/collapsed_reason_code","replies/data/children/0/data/replies/data/children/0/data/comment_type","replies/data/children/0/data/replies/data/children/0/data/controversiality","replies/data/children/0/data/replies/data/children/0/data/count","replies/data/children/0/data/replies/data/children/0/data/created","replies/data/children/0/data/replies/data/children/0/data/created_utc","replies/data/children/0/data/replies/data/children/0/data/depth","replies/data/children/0/data/replies/data/children/0/data/distinguished","replies/data/children/0/data/replies/data/children/0/data/downs","replies/data/children/0/data/replies/data/children/0/data/edited","replies/data/children/0/data/replies/data/children/0/data/gilded","replies/data/children/0/data/replies/data/children/0/data/id","replies/data/children/0/data/replies/data/children/0/data/is_submitter","replies/data/children/0/data/replies/data/children/0/data/likes","replies/data/children/0/data/replies/data/children/0/data/link_id","replies/data/children/0/data/replies/data/children/0/data/locked","replies/data/children/0/data/replies/data/children/0/data/mod_note","replies/data/children/0/data/replies/data/children/0/data/mod_reason_by","replies/data/children/0/data/replies/data/children/0/data/mod_reason_title","replies/data/children/0/data/replies/data/children/0/data/name","replies/data/children/0/data/replies/data/children/0/data/no_follow","replies/data/children/0/data/replies/data/children/0/data/num_reports","replies/data/children/0/data/replies/data/children/0/data/parent_id","replies/data/children/0/data/replies/data/children/0/data/permalink","replies/data/children/0/data/replies/data/children/0/data/removal_reason","replies/data/children/0/data/replies/data/children/0/data/replies","replies/data/children/0/data/replies/data/children/0/data/replies/data/after","replies/data/children/0/data/replies/data/children/0/data/replies/data/before","replies/data/children/0/data/replies/data/children/0/data/replies/data/children/0/data/approved_at_utc","replies/data/children/0/data/replies/data/children/0/data/replies/data/children/0/data/approved_by","replies/data/children/0/data/replies/data/children/0/data/replies/data/children/0/data/archived","replies/data/children/0/data/replies/data/children/0/data/replies/data/children/0/data/associated_award","replies/data/children/0/data/replies/data/children/0/data/replies/data/children/0/data/author","replies/data/children/0/data/replies/data/children/0/data/replies/data/children/0/data/author_flair_background_color","replies/data/children/0/data/replies/data/children/0/data/replies/data/children/0/data/author_flair_css_class","replies/data/children/0/data/replies/data/children/0/data/replies/data/children/0/data/author_flair_template_id","replies/data/children/0/data/replies/data/children/0/data/replies/data/children/0/data/author_flair_text","replies/data/children/0/data/replies/data/children/0/data/replies/data/children/0/data/author_flair_text_color","replies/data/children/0/data/replies/data/children/0/data/replies/data/children/0/data/author_flair_type","replies/data/children/0/data/replies/data/children/0/data/replies/data/children/0/data/author_fullname","replies/data/children/0/data/replies/data/children/0/data/replies/data/children/0/data/author_is_blocked","replies/data/children/0/data/replies/data/children/0/data/replies/data/children/0/data/author_patreon_flair","replies/data/children/0/data/replies/data/children/0/data/replies/data/children/0/data/author_premium","replies/data/children/0/data/replies/data/children/0/data/replies/data/children/0/data/banned_at_utc","replies/data/children/0/data/replies/data/children/0/data/replies/data/children/0/data/banned_by","replies/data/children/0/data/replies/data/children/0/data/replies/data/children/0/data/body","replies/data/children/0/data/replies/data/children/0/data/replies/data/children/0/data/body_html","replies/data/children/0/data/replies/data/children/0/data/replies/data/children/0/data/can_gild","replies/data/children/0/data/replies/data/children/0/data/replies/data/children/0/data/can_mod_post","replies/data/children/0/data/replies/data/children/0/data/replies/data/children/0/data/collapsed","replies/data/children/0/data/replies/data/children/0/data/replies/data/children/0/data/collapsed_because_crowd_control","replies/data/children/0/data/replies/data/children/0/data/replies/data/children/0/data/collapsed_reason","replies/data/children/0/data/replies/data/children/0/data/replies/data/children/0/data/collapsed_reason_code","replies/data/children/0/data/replies/data/children/0/data/replies/data/children/0/data/comment_type","replies/data/children/0/data/replies/data/children/0/data/replies/data/children/0/data/controversiality","replies/data/children/0/data/replies/data/children/0/data/replies/data/children/0/data/count","replies/data/children/0/data/replies/data/children/0/data/replies/data/children/0/data/created","replies/data/children/0/data/replies/data/children/0/data/replies/data/children/0/data/created_utc","replies/data/children/0/data/replies/data/children/0/data/replies/data/children/0/data/depth","replies/data/children/0/data/replies/data/children/0/data/replies/data/children/0/data/distinguished","replies/data/children/0/data/replies/data/children/0/data/replies/data/children/0/data/downs","replies/data/children/0/data/replies/data/children/0/data/replies/data/children/0/data/edited","replies/data/children/0/data/replies/data/children/0/data/replies/data/children/0/data/gilded","replies/data/children/0/data/replies/data/children/0/data/replies/data/children/0/data/id","replies/data/children/0/data/replies/data/children/0/data/replies/data/children/0/data/is_submitter","replies/data/children/0/data/replies/data/children/0/data/replies/data/children/0/data/likes","replies/data/children/0/data/replies/data/children/0/data/replies/data/children/0/data/link_id","replies/data/children/0/data/replies/data/children/0/data/replies/data/children/0/data/locked","replies/data/children/0/data/replies/data/children/0/data/replies/data/children/0/data/mod_note","replies/data/children/0/data/replies/data/children/0/data/replies/data/children/0/data/mod_reason_by","replies/data/children/0/data/replies/data/children/0/data/replies/data/children/0/data/mod_reason_title","replies/data/children/0/data/replies/data/children/0/data/replies/data/children/0/data/name","replies/data/children/0/data/replies/data/children/0/data/replies/data/children/0/data/no_follow","replies/data/children/0/data/replies/data/children/0/data/replies/data/children/0/data/num_reports","replies/data/children/0/data/replies/data/children/0/data/replies/data/children/0/data/parent_id","replies/data/children/0/data/replies/data/children/0/data/replies/data/children/0/data/permalink","replies/data/children/0/data/replies/data/children/0/data/replies/data/children/0/data/removal_reason","replies/data/children/0/data/replies/data/children/0/data/replies/data/children/0/data/replies","replies/data/children/0/data/replies/data/children/0/data/replies/data/children/0/data/report_reasons","replies/data/children/0/data/replies/data/children/0/data/replies/data/children/0/data/saved","replies/data/children/0/data/replies/data/children/0/data/replies/data/children/0/data/score","replies/data/children/0/data/replies/data/children/0/data/replies/data/children/0/data/score_hidden","replies/data/children/0/data/replies/data/children/0/data/replies/data/children/0/data/send_replies","replies/data/children/0/data/replies/data/children/0/data/replies/data/children/0/data/stickied","replies/data/children/0/data/replies/data/children/0/data/replies/data/children/0/data/subreddit","replies/data/children/0/data/replies/data/children/0/data/replies/data/children/0/data/subreddit_id","replies/data/children/0/data/replies/data/children/0/data/replies/data/children/0/data/subreddit_name_prefixed","replies/data/children/0/data/replies/data/children/0/data/replies/data/children/0/data/subreddit_type","replies/data/children/0/data/replies/data/children/0/data/replies/data/children/0/data/top_awarded_type","replies/data/children/0/data/replies/data/children/0/data/replies/data/children/0/data/total_awards_received","replies/data/children/0/data/replies/data/children/0/data/replies/data/children/0/data/unrepliable_reason","replies/data/children/0/data/replies/data/children/0/data/replies/data/children/0/data/ups","replies/data/children/0/data/replies/data/children/0/data/replies/data/children/0/kind","replies/data/children/0/data/replies/data/children/0/data/replies/data/dist","replies/data/children/0/data/replies/data/children/0/data/replies/data/geo_filter","replies/data/children/0/data/replies/data/children/0/data/replies/data/modhash","replies/data/children/0/data/replies/data/children/0/data/replies/kind","replies/data/children/0/data/replies/data/children/0/data/report_reasons","replies/data/children/0/data/replies/data/children/0/data/saved","replies/data/children/0/data/replies/data/children/0/data/score","replies/data/children/0/data/replies/data/children/0/data/score_hidden","replies/data/children/0/data/replies/data/children/0/data/send_replies","replies/data/children/0/data/replies/data/children/0/data/stickied","replies/data/children/0/data/replies/data/children/0/data/subreddit","replies/data/children/0/data/replies/data/children/0/data/subreddit_id","replies/data/children/0/data/replies/data/children/0/data/subreddit_name_prefixed","replies/data/children/0/data/replies/data/children/0/data/subreddit_type","replies/data/children/0/data/replies/data/children/0/data/top_awarded_type","replies/data/children/0/data/replies/data/children/0/data/total_awards_received","replies/data/children/0/data/replies/data/children/0/data/unrepliable_reason","replies/data/children/0/data/replies/data/children/0/data/ups","replies/data/children/0/data/replies/data/children/0/kind","replies/data/children/0/data/replies/data/dist","replies/data/children/0/data/replies/data/geo_filter","replies/data/children/0/data/replies/data/modhash","replies/data/children/0/data/replies/kind","replies/data/children/0/data/report_reasons","replies/data/children/0/data/saved","replies/data/children/0/data/score","replies/data/children/0/data/score_hidden","replies/data/children/0/data/send_replies","replies/data/children/0/data/stickied","replies/data/children/0/data/subreddit","replies/data/children/0/data/subreddit_id","replies/data/children/0/data/subreddit_name_prefixed","replies/data/children/0/data/subreddit_type","replies/data/children/0/data/top_awarded_type","replies/data/children/0/data/total_awards_received","replies/data/children/0/data/unrepliable_reason","replies/data/children/0/data/ups","replies/data/children/0/kind","replies/data/children/1/data/approved_at_utc","replies/data/children/1/data/approved_by","replies/data/children/1/data/archived","replies/data/children/1/data/associated_award","replies/data/children/1/data/author","replies/data/children/1/data/author_flair_background_color","replies/data/children/1/data/author_flair_css_class","replies/data/children/1/data/author_flair_template_id","replies/data/children/1/data/author_flair_text","replies/data/children/1/data/author_flair_text_color","replies/data/children/1/data/author_flair_type","replies/data/children/1/data/author_fullname","replies/data/children/1/data/author_is_blocked","replies/data/children/1/data/author_patreon_flair","replies/data/children/1/data/author_premium","replies/data/children/1/data/banned_at_utc","replies/data/children/1/data/banned_by","replies/data/children/1/data/body","replies/data/children/1/data/body_html","replies/data/children/1/data/can_gild","replies/data/children/1/data/can_mod_post","replies/data/children/1/data/collapsed","replies/data/children/1/data/collapsed_because_crowd_control","replies/data/children/1/data/collapsed_reason","replies/data/children/1/data/collapsed_reason_code","replies/data/children/1/data/comment_type","replies/data/children/1/data/controversiality","replies/data/children/1/data/created","replies/data/children/1/data/created_utc","replies/data/children/1/data/depth","replies/data/children/1/data/distinguished","replies/data/children/1/data/downs","replies/data/children/1/data/edited","replies/data/children/1/data/gilded","replies/data/children/1/data/id","replies/data/children/1/data/is_submitter","replies/data/children/1/data/likes","replies/data/children/1/data/link_id","replies/data/children/1/data/locked","replies/data/children/1/data/mod_note","replies/data/children/1/data/mod_reason_by","replies/data/children/1/data/mod_reason_title","replies/data/children/1/data/name","replies/data/children/1/data/no_follow","replies/data/children/1/data/num_reports","replies/data/children/1/data/parent_id","replies/data/children/1/data/permalink","replies/data/children/1/data/removal_reason","replies/data/children/1/data/replies","replies/data/children/1/data/replies/data/after","replies/data/children/1/data/replies/data/before","replies/data/children/1/data/replies/data/children/0/data/approved_at_utc","replies/data/children/1/data/replies/data/children/0/data/approved_by","replies/data/children/1/data/replies/data/children/0/data/archived","replies/data/children/1/data/replies/data/children/0/data/associated_award","replies/data/children/1/data/replies/data/children/0/data/author","replies/data/children/1/data/replies/data/children/0/data/author_flair_background_color","replies/data/children/1/data/replies/data/children/0/data/author_flair_css_class","replies/data/children/1/data/replies/data/children/0/data/author_flair_template_id","replies/data/children/1/data/replies/data/children/0/data/author_flair_text","replies/data/children/1/data/replies/data/children/0/data/author_flair_text_color","replies/data/children/1/data/replies/data/children/0/data/author_flair_type","replies/data/children/1/data/replies/data/children/0/data/author_fullname","replies/data/children/1/data/replies/data/children/0/data/author_is_blocked","replies/data/children/1/data/replies/data/children/0/data/author_patreon_flair","replies/data/children/1/data/replies/data/children/0/data/author_premium","replies/data/children/1/data/replies/data/children/0/data/banned_at_utc","replies/data/children/1/data/replies/data/children/0/data/banned_by","replies/data/children/1/data/replies/data/children/0/data/body","replies/data/children/1/data/replies/data/children/0/data/body_html","replies/data/children/1/data/replies/data/children/0/data/can_gild","replies/data/children/1/data/replies/data/children/0/data/can_mod_post","replies/data/children/1/data/replies/data/children/0/data/collapsed","replies/data/children/1/data/replies/data/children/0/data/collapsed_because_crowd_control","replies/data/children/1/data/replies/data/children/0/data/collapsed_reason","replies/data/children/1/data/replies/data/children/0/data/collapsed_reason_code","replies/data/children/1/data/replies/data/children/0/data/comment_type","replies/data/children/1/data/replies/data/children/0/data/controversiality","replies/data/children/1/data/replies/data/children/0/data/created","replies/data/children/1/data/replies/data/children/0/data/created_utc","replies/data/children/1/data/replies/data/children/0/data/depth","replies/data/children/1/data/replies/data/children/0/data/distinguished","replies/data/children/1/data/replies/data/children/0/data/downs","replies/data/children/1/data/replies/data/children/0/data/edited","replies/data/children/1/data/replies/data/children/0/data/gilded","replies/data/children/1/data/replies/data/children/0/data/id","replies/data/children/1/data/replies/data/children/0/data/is_submitter","replies/data/children/1/data/replies/data/children/0/data/likes","replies/data/children/1/data/replies/data/children/0/data/link_id","replies/data/children/1/data/replies/data/children/0/data/locked","replies/data/children/1/data/replies/data/children/0/data/mod_note","replies/data/children/1/data/replies/data/children/0/data/mod_reason_by","replies/data/children/1/data/replies/data/children/0/data/mod_reason_title","replies/data/children/1/data/replies/data/children/0/data/name","replies/data/children/1/data/replies/data/children/0/data/no_follow","replies/data/children/1/data/replies/data/children/0/data/num_reports","replies/data/children/1/data/replies/data/children/0/data/parent_id","replies/data/children/1/data/replies/data/children/0/data/permalink","replies/data/children/1/data/replies/data/children/0/data/removal_reason","replies/data/children/1/data/replies/data/children/0/data/replies","replies/data/children/1/data/replies/data/children/0/data/report_reasons","replies/data/children/1/data/replies/data/children/0/data/saved","replies/data/children/1/data/replies/data/children/0/data/score","replies/data/children/1/data/replies/data/children/0/data/score_hidden","replies/data/children/1/data/replies/data/children/0/data/send_replies","replies/data/children/1/data/replies/data/children/0/data/stickied","replies/data/children/1/data/replies/data/children/0/data/subreddit","replies/data/children/1/data/replies/data/children/0/data/subreddit_id","replies/data/children/1/data/replies/data/children/0/data/subreddit_name_prefixed","replies/data/children/1/data/replies/data/children/0/data/subreddit_type","replies/data/children/1/data/replies/data/children/0/data/top_awarded_type","replies/data/children/1/data/replies/data/children/0/data/total_awards_received","replies/data/children/1/data/replies/data/children/0/data/unrepliable_reason","replies/data/children/1/data/replies/data/children/0/data/ups","replies/data/children/1/data/replies/data/children/0/kind","replies/data/children/1/data/replies/data/dist","replies/data/children/1/data/replies/data/geo_filter","replies/data/children/1/data/replies/data/modhash","replies/data/children/1/data/replies/kind","replies/data/children/1/data/report_reasons","replies/data/children/1/data/saved","replies/data/children/1/data/score","replies/data/children/1/data/score_hidden","replies/data/children/1/data/send_replies","replies/data/children/1/data/stickied","replies/data/children/1/data/subreddit","replies/data/children/1/data/subreddit_id","replies/data/children/1/data/subreddit_name_prefixed","replies/data/children/1/data/subreddit_type","replies/data/children/1/data/top_awarded_type","replies/data/children/1/data/total_awards_received","replies/data/children/1/data/unrepliable_reason","replies/data/children/1/data/ups","replies/data/children/1/kind","replies/data/dist","replies/data/geo_filter","replies/data/modhash","replies/kind","report_reasons","saved","score","score_hidden","send_replies","stickied","subreddit","subreddit_id","subreddit_name_prefixed","subreddit_type","top_awarded_type","total_awards_received","unrepliable_reason","ups","url"
,,"false",,"hotlinehelpbot",,,,,,"text","t2_5bnzs7dq","false","false","false",,,"
If you or someone you know is contemplating suicide, please reach out. You can find help at a National Suicide Prevention Lifeline

USA: 18002738255
US Crisis textline: 741741 text HOME

United Kingdom: 116 123

Trans Lifeline (877-565-8860)

Others: https://en.wikipedia.org/wiki/List_of_suicide_crisis_lines

https://suicidepreventionlifeline.org","&lt;div class=""md""&gt;&lt;p&gt;If you or someone you know is contemplating suicide, please reach out. You can find help at a National Suicide Prevention Lifeline&lt;/p&gt;

&lt;p&gt;USA: 18002738255
US Crisis textline: 741741 text HOME&lt;/p&gt;

&lt;p&gt;United Kingdom: 116 123&lt;/p&gt;

&lt;p&gt;Trans Lifeline (877-565-8860)&lt;/p&gt;

&lt;p&gt;Others: &lt;a href=""https://en.wikipedia.org/wiki/List_of_suicide_crisis_lines""&gt;https://en.wikipedia.org/wiki/List_of_suicide_crisis_lines&lt;/a&gt;&lt;/p&gt;

&lt;p&gt;&lt;a href=""https://suicidepreventionlifeline.org""&gt;https://suicidepreventionlifeline.org&lt;/a&gt;&lt;/p&gt;
&lt;/div&gt;","false","false","false",,,,,"0",,"1597652810","1597652810","0",,"0","false","0","g1thkcm","false",,"t3_iba90z","false",,,,"t1_g1thkcm","true",,"t3_iba90z","/r/Filipino/comments/iba90z/online_classes_in_the_philippines_is_a_big_giant/g1thkcm/",,"",,,,,,,,,,,,,,,,,,,,,,,,,,,,,,,,,,,,,,,,,,,,,,,,,,,,,,,,,,,,,,,,,,,,,,,,,,,,,,,,,,,,,,,,,,,,,,,,,,,,,,,,,,,,,,,,,,,,,,,,,,,,,,,,,,,,,,,,,,,,,,,,,,,,,,,,,,,,,,,,,,,,,,,,,,,,,,,,,,,,,,,,,,,,,,,,,,,,,,,,,,,,,,,,,,,,,,,,,,,,,,,,,,,,,,,,,,,,,,,,,,,,,,,,,,,,,,,,,,,,,,,,,,,,,,,,,,,,,,,,,,,,,,,,,,,,,,,,,,,,,,,,,,,,,,,,,,,,,,,,,,,,,,,,,,,,,,,,,,,,,,,,,,,,,"false","9","false","true","false","Filipino","t5_2qkcg","r/Filipino","public",,"0",,"9","https://www.reddit.com/r/Filipino/comments/iba90z/online_classes_in_the_philippines_is_a_big_giant/g1thkcm/"
,,"false",,"OneTangoTwoBlanko",,,,,,"text","t2_2ic41fyu","false","false","false",,,"I'm not a student anymore but I'd like to share my thoughts on this.

The transition of traditional to online classes isn't easy. Many teachers, if not all, need to learn how to use plenty of software just to accommodate students and parents in the middle of the pandemic. From textbooks and chalkboards to screen-sharing and Zoom meetings. This is new terrain and people are adjusting and you should be flexible. The entire system is adapting to this new culture because it hasn't been done before but please don't put the entire burden on educators as DepEd and CHED should be pro-active on this part, as well. I just think you have your expectations too high on so many levels.","&lt;div class=""md""&gt;&lt;p&gt;I&amp;#39;m not a student anymore but I&amp;#39;d like to share my thoughts on this.&lt;/p&gt;

&lt;p&gt;The transition of traditional to online classes isn&amp;#39;t easy. Many teachers, if not all, need to learn how to use plenty of software just to accommodate students and parents in the middle of the pandemic. From textbooks and chalkboards to screen-sharing and Zoom meetings. This is new terrain and people are adjusting and you should be flexible. The entire system is adapting to this new culture because it hasn&amp;#39;t been done before but please don&amp;#39;t put the entire burden on educators as DepEd and CHED should be pro-active on this part, as well. I just think you have your expectations too high on so many levels.&lt;/p&gt;
&lt;/div&gt;","false","false","false",,,,,"0",,"1597661492","1597661492","0",,"0","false","0","g1u0zh7","false",,"t3_iba90z","false",,,,"t1_g1u0zh7","false",,"t3_iba90z","/r/Filipino/comments/iba90z/online_classes_in_the_philippines_is_a_big_giant/g1u0zh7/",,,,,,,"false",,"just_JamesD",,,,,,"text","t2_4krq3sci","false","false","false",,,"I completely agree with you, however i want to take action and inform them that implementing the same amount of information to online classes is not the best idea, its been only the first week and there was so much pressure trying to keep up and have a good grade. I feel like its absolutely inhumane and unfair to students who are already struggling with the current situations","&lt;div class=""md""&gt;&lt;p&gt;I completely agree with you, however i want to take action and inform them that implementing the same amount of information to online classes is not the best idea, its been only the first week and there was so much pressure trying to keep up and have a good grade. I feel like its absolutely inhumane and unfair to students who are already struggling with the current situations&lt;/p&gt;
&lt;/div&gt;","false","false","false",,,,,"0",,"1597670734","1597670734","1",,"0","false","0","g1uqwou","true",,"t3_iba90z","false",,,,"t1_g1uqwou","true",,"t1_g1u0zh7","/r/Filipino/comments/iba90z/online_classes_in_the_philippines_is_a_big_giant/g1uqwou/",,"",,,,,,,,,,,,,,,,,,,,,,,,,,,,,,,,,,,,,,,,,,,,,,,,,,,,,,,,,,,,,,,,,,,,,,,,,,,,,,,,,,,,,,,,,,,,,,,,,,,,,,,,,,,,,,,,,,,,,,,,,,,,,,,,,,,,,,,,,,,,,,,,"false","0","false","true","false","Filipino","t5_2qkcg","r/Filipino","public",,"0",,"0","t1",,,"false",,"just_JamesD",,,,,,"text","t2_4krq3sci","false","false","false",,,"Though i do hope they notice this, i usually don’t like cheating like to actually learn the topic, however due to the pressure, i have to copy other people’s work just to meet the expected quota.","&lt;div class=""md""&gt;&lt;p&gt;Though i do hope they notice this, i usually don’t like cheating like to actually learn the topic, however due to the pressure, i have to copy other people’s work just to meet the expected quota.&lt;/p&gt;
&lt;/div&gt;","false","false","false",,,,,"0","1597670818","1597670818","1",,"0","false","0","g1ur4py","true",,"t3_iba90z","false",,,,"t1_g1ur4py","true",,"t1_g1u0zh7","/r/Filipino/comments/iba90z/online_classes_in_the_philippines_is_a_big_giant/g1ur4py/",,,,,,,"false",,"OneTangoTwoBlanko",,,,,,"text","t2_2ic41fyu","false","false","false",,,"I think it's better to raise your concern in a much better platform like Facebook or Twitter since not many people in authority are on Reddit. Plus if you let your educator know your hassle as a student, he or she will make it better for sure. Just be patient with them as they need to improve, too. And if you copy other people's work just to meet expectations, I think that falls on both on you and the teacher.","&lt;div class=""md""&gt;&lt;p&gt;I think it&amp;#39;s better to raise your concern in a much better platform like Facebook or Twitter since not many people in authority are on Reddit. Plus if you let your educator know your hassle as a student, he or she will make it better for sure. Just be patient with them as they need to improve, too. And if you copy other people&amp;#39;s work just to meet expectations, I think that falls on both on you and the teacher.&lt;/p&gt;
&lt;/div&gt;","false","false","false",,,,,"0","1597737354","1597737354","2",,"0","false","0","g1ymddq","false",,"t3_iba90z","false",,,,"t1_g1ymddq","true",,"t1_g1ur4py","/r/Filipino/comments/iba90z/online_classes_in_the_philippines_is_a_big_giant/g1ymddq/",,"",,"false","2","false","true","false","Filipino","t5_2qkcg","r/Filipino","public",,"0",,"2","t1",,"","","Listing",,"false","0","false","true","false","Filipino","t5_2qkcg","r/Filipino","public",,"0",,"0","t1",,"","","Listing",,"false","6","false","true","false","Filipino","t5_2qkcg","r/Filipino","public",,"0",,"6","https://www.reddit.com/r/Filipino/comments/iba90z/online_classes_in_the_philippines_is_a_big_giant/g1u0zh7/"
,,"false",,"just_JamesD",,,,,,"text","t2_4krq3sci","false","false","false",,,"I completely agree with you, however i want to take action and inform them that implementing the same amount of information to online classes is not the best idea, its been only the first week and there was so much pressure trying to keep up and have a good grade. I feel like its absolutely inhumane and unfair to students who are already struggling with the current situations","&lt;div class=""md""&gt;&lt;p&gt;I completely agree with you, however i want to take action and inform them that implementing the same amount of information to online classes is not the best idea, its been only the first week and there was so much pressure trying to keep up and have a good grade. I feel like its absolutely inhumane and unfair to students who are already struggling with the current situations&lt;/p&gt;
&lt;/div&gt;","false","false","false",,,,,"0",,"1597670734","1597670734","1",,"0","false","0","g1uqwou","true",,"t3_iba90z","false",,,,"t1_g1uqwou","true",,"t1_g1u0zh7","/r/Filipino/comments/iba90z/online_classes_in_the_philippines_is_a_big_giant/g1uqwou/",,"",,,,,,,,,,,,,,,,,,,,,,,,,,,,,,,,,,,,,,,,,,,,,,,,,,,,,,,,,,,,,,,,,,,,,,,,,,,,,,,,,,,,,,,,,,,,,,,,,,,,,,,,,,,,,,,,,,,,,,,,,,,,,,,,,,,,,,,,,,,,,,,,,,,,,,,,,,,,,,,,,,,,,,,,,,,,,,,,,,,,,,,,,,,,,,,,,,,,,,,,,,,,,,,,,,,,,,,,,,,,,,,,,,,,,,,,,,,,,,,,,,,,,,,,,,,,,,,,,,,,,,,,,,,,,,,,,,,,,,,,,,,,,,,,,,,,,,,,,,,,,,,,,,,,,,,,,,,,,,,,,,,,,,,,,,,,,,,,,,,,,,,,,,,,,"false","0","false","true","false","Filipino","t5_2qkcg","r/Filipino","public",,"0",,"0","https://www.reddit.com/r/Filipino/comments/iba90z/online_classes_in_the_philippines_is_a_big_giant/g1uqwou/"
,,"false",,"just_JamesD",,,,,,"text","t2_4krq3sci","false","false","false",,,"Though i do hope they notice this, i usually don’t like cheating like to actually learn the topic, however due to the pressure, i have to copy other people’s work just to meet the expected quota.","&lt;div class=""md""&gt;&lt;p&gt;Though i do hope they notice this, i usually don’t like cheating like to actually learn the topic, however due to the pressure, i have to copy other people’s work just to meet the expected quota.&lt;/p&gt;
&lt;/div&gt;","false","false","false",,,,,"0",,"1597670818","1597670818","1",,"0","false","0","g1ur4py","true",,"t3_iba90z","false",,,,"t1_g1ur4py","true",,"t1_g1u0zh7","/r/Filipino/comments/iba90z/online_classes_in_the_philippines_is_a_big_giant/g1ur4py/",,,,,,,"false",,"OneTangoTwoBlanko",,,,,,"text","t2_2ic41fyu","false","false","false",,,"I think it's better to raise your concern in a much better platform like Facebook or Twitter since not many people in authority are on Reddit. Plus if you let your educator know your hassle as a student, he or she will make it better for sure. Just be patient with them as they need to improve, too. And if you copy other people's work just to meet expectations, I think that falls on both on you and the teacher.","&lt;div class=""md""&gt;&lt;p&gt;I think it&amp;#39;s better to raise your concern in a much better platform like Facebook or Twitter since not many people in authority are on Reddit. Plus if you let your educator know your hassle as a student, he or she will make it better for sure. Just be patient with them as they need to improve, too. And if you copy other people&amp;#39;s work just to meet expectations, I think that falls on both on you and the teacher.&lt;/p&gt;
&lt;/div&gt;","false","false","false",,,,,"0",,"1597737354","1597737354","2",,"0","false","0","g1ymddq","false",,"t3_iba90z","false",,,,"t1_g1ymddq","true",,"t1_g1ur4py","/r/Filipino/comments/iba90z/online_classes_in_the_philippines_is_a_big_giant/g1ymddq/",,"",,,,,,,,,,,,,,,,,,,,,,,,,,,,,,,,,,,,,,,,,,,,,,,,,,,,,,,,,,,,,,,,,,,,,,,,,,,,,,,,,,,,,,,,,,,,,,,,,,,,,,,,,,,,,,,,,,,,,,,,,,,,,,,,,,,,,,,,,,,,,,,,"false","2","false","true","false","Filipino","t5_2qkcg","r/Filipino","public",,"0",,"2","t1",,,,,,,,,,,,,,,,,,,,,,,,,,,,,,,,,,,,,,,,,,,,,,,,,,,,,,,,,,,,,,,,,,,,,,,,,,,,,,,,,,,,,,,,,,,,,,,,,,,,,,,,,,,,,,,,,,,,,,,,,,,,,,,,,,,,,,,,"","","Listing",,"false","0","false","true","false","Filipino","t5_2qkcg","r/Filipino","public",,"0",,"0","https://www.reddit.com/r/Filipino/comments/iba90z/online_classes_in_the_philippines_is_a_big_giant/g1ur4py/"
,,"false",,"OneTangoTwoBlanko",,,,,,"text","t2_2ic41fyu","false","false","false",,,"I think it's better to raise your concern in a much better platform like Facebook or Twitter since not many people in authority are on Reddit. Plus if you let your educator know your hassle as a student, he or she will make it better for sure. Just be patient with them as they need to improve, too. And if you copy other people's work just to meet expectations, I think that falls on both on you and the teacher.","&lt;div class=""md""&gt;&lt;p&gt;I think it&amp;#39;s better to raise your concern in a much better platform like Facebook or Twitter since not many people in authority are on Reddit. Plus if you let your educator know your hassle as a student, he or she will make it better for sure. Just be patient with them as they need to improve, too. And if you copy other people&amp;#39;s work just to meet expectations, I think that falls on both on you and the teacher.&lt;/p&gt;
&lt;/div&gt;","false","false","false",,,,,"0",,"1597737354","1597737354","2",,"0","false","0","g1ymddq","false",,"t3_iba90z","false",,,,"t1_g1ymddq","true",,"t1_g1ur4py","/r/Filipino/comments/iba90z/online_classes_in_the_philippines_is_a_big_giant/g1ymddq/",,"",,,,,,,,,,,,,,,,,,,,,,,,,,,,,,,,,,,,,,,,,,,,,,,,,,,,,,,,,,,,,,,,,,,,,,,,,,,,,,,,,,,,,,,,,,,,,,,,,,,,,,,,,,,,,,,,,,,,,,,,,,,,,,,,,,,,,,,,,,,,,,,,,,,,,,,,,,,,,,,,,,,,,,,,,,,,,,,,,,,,,,,,,,,,,,,,,,,,,,,,,,,,,,,,,,,,,,,,,,,,,,,,,,,,,,,,,,,,,,,,,,,,,,,,,,,,,,,,,,,,,,,,,,,,,,,,,,,,,,,,,,,,,,,,,,,,,,,,,,,,,,,,,,,,,,,,,,,,,,,,,,,,,,,,,,,,,,,,,,,,,,,,,,,,,"false","2","false","true","false","Filipino","t5_2qkcg","r/Filipino","public",,"0",,"2","https://www.reddit.com/r/Filipino/comments/iba90z/online_classes_in_the_philippines_is_a_big_giant/g1ymddq/"
,,"false",,"wannabainvestor",,,,,,"text","t2_6giwqu4c","false","false","false",,,"Let's face it, if you were in New York, you'll be paying a ton of money for the same thing you're doing in Philippines - which is teaching yourself","&lt;div class=""md""&gt;&lt;p&gt;Let&amp;#39;s face it, if you were in New York, you&amp;#39;ll be paying a ton of money for the same thing you&amp;#39;re doing in Philippines - which is teaching yourself&lt;/p&gt;
&lt;/div&gt;","false","false","false",,,,,"0",,"1597654335","1597654335","0",,"0","false","0","g1tktts","false",,"t3_iba90z","false",,,,"t1_g1tktts","false",,"t3_iba90z","/r/Filipino/comments/iba90z/online_classes_in_the_philippines_is_a_big_giant/g1tktts/",,,,,,,"false",,"just_JamesD",,,,,,"text","t2_4krq3sci","false","false","false",,,"Its true, however its not as simple learning something. They have to factor in that people are struggling because of the corona. As well as not everything will sail as smooth as they expect it to be","&lt;div class=""md""&gt;&lt;p&gt;Its true, however its not as simple learning something. They have to factor in that people are struggling because of the corona. As well as not everything will sail as smooth as they expect it to be&lt;/p&gt;
&lt;/div&gt;","false","false","false",,,,,"0",,"1597671161","1597671161","1",,"0","false","0","g1us2ze","true",,"t3_iba90z","false",,,,"t1_g1us2ze","true",,"t1_g1tktts","/r/Filipino/comments/iba90z/online_classes_in_the_philippines_is_a_big_giant/g1us2ze/",,"",,,,,,,,,,,,,,,,,,,,,,,,,,,,,,,,,,,,,,,,,,,,,,,,,,,,,,,,,,,,,,,,,,,,,,,,,,,,,,,,,,,,,,,,,,,,,,,,,,,,,,,,,,,,,,,,,,,,,,,,,,,,,,,,,,,,,,,,,,,,,,,,"false","1","false","true","false","Filipino","t5_2qkcg","r/Filipino","public",,"0",,"1","t1",,,,,,,,,,,,,,,,,,,,,,,,,,,,,,,,,,,,,,,,,,,,,,,,,,,,,,,,,,,,,,,,,,,,,,,,,,,,,,,,,,,,,,,,,,,,,,,,,,,,,,,,,,,,,,,,,,,,,,,,,,,,,,,,,,,,,,,,"","","Listing",,"false","4","false","true","false","Filipino","t5_2qkcg","r/Filipino","public",,"0",,"4","https://www.reddit.com/r/Filipino/comments/iba90z/online_classes_in_the_philippines_is_a_big_giant/g1tktts/"
,,"false",,"just_JamesD",,,,,,"text","t2_4krq3sci","false","false","false",,,"Its true, however its not as simple learning something. They have to factor in that people are struggling because of the corona. As well as not everything will sail as smooth as they expect it to be","&lt;div class=""md""&gt;&lt;p&gt;Its true, however its not as simple learning something. They have to factor in that people are struggling because of the corona. As well as not everything will sail as smooth as they expect it to be&lt;/p&gt;
&lt;/div&gt;","false","false","false",,,,,"0",,"1597671161","1597671161","1",,"0","false","0","g1us2ze","true",,"t3_iba90z","false",,,,"t1_g1us2ze","true",,"t1_g1tktts","/r/Filipino/comments/iba90z/online_classes_in_the_philippines_is_a_big_giant/g1us2ze/",,"",,,,,,,,,,,,,,,,,,,,,,,,,,,,,,,,,,,,,,,,,,,,,,,,,,,,,,,,,,,,,,,,,,,,,,,,,,,,,,,,,,,,,,,,,,,,,,,,,,,,,,,,,,,,,,,,,,,,,,,,,,,,,,,,,,,,,,,,,,,,,,,,,,,,,,,,,,,,,,,,,,,,,,,,,,,,,,,,,,,,,,,,,,,,,,,,,,,,,,,,,,,,,,,,,,,,,,,,,,,,,,,,,,,,,,,,,,,,,,,,,,,,,,,,,,,,,,,,,,,,,,,,,,,,,,,,,,,,,,,,,,,,,,,,,,,,,,,,,,,,,,,,,,,,,,,,,,,,,,,,,,,,,,,,,,,,,,,,,,,,,,,,,,,,,"false","1","false","true","false","Filipino","t5_2qkcg","r/Filipino","public",,"0",,"1","https://www.reddit.com/r/Filipino/comments/iba90z/online_classes_in_the_philippines_is_a_big_giant/g1us2ze/"
,,"false",,"applejems",,,,,,"text","t2_2jy6udfj","false","false","false",,,"You should've stayed in New York, James.","&lt;div class=""md""&gt;&lt;p&gt;You should&amp;#39;ve stayed in New York, James.&lt;/p&gt;
&lt;/div&gt;","false","false","false",,,,,"0",,"1597653529","1597653529","0",,"0","false","0","g1tj2d8","false",,"t3_iba90z","false",,,,"t1_g1tj2d8","false",,"t3_iba90z","/r/Filipino/comments/iba90z/online_classes_in_the_philippines_is_a_big_giant/g1tj2d8/",,,,,,,"false",,"just_JamesD",,,,,,"text","t2_4krq3sci","false","false","false",,,"I hope i could","&lt;div class=""md""&gt;&lt;p&gt;I hope i could&lt;/p&gt;
&lt;/div&gt;","false","false","false",,,,,"0",,"1597670502","1597670502","1",,"0","false","0","g1uqaiq","true",,"t3_iba90z","false",,,,"t1_g1uqaiq","true",,"t1_g1tj2d8","/r/Filipino/comments/iba90z/online_classes_in_the_philippines_is_a_big_giant/g1uqaiq/",,,,,,,"false",,"applejems",,,,,,"text","t2_2jy6udfj","false","false","false",,,"It's really bad here bro. Not only you're putting your future at risk but your life too.","&lt;div class=""md""&gt;&lt;p&gt;It&amp;#39;s really bad here bro. Not only you&amp;#39;re putting your future at risk but your life too.&lt;/p&gt;
&lt;/div&gt;","false","false","false",,,,,"0",,"1597670658","1597670658","2",,"0","false","0","g1uqp93","false",,"t3_iba90z","false",,,,"t1_g1uqp93","true",,"t1_g1uqaiq","/r/Filipino/comments/iba90z/online_classes_in_the_philippines_is_a_big_giant/g1uqp93/",,,,,,,,,,,,,,,,,,,,,,,,,,,,,,,,"0",,,"3",,,,,"_",,,,,,,,"t1__",,,"t1_g1uqp93",,,,,,,,,,,,,,,,,,"more",,"","","Listing",,"false","1","false","true","false","Filipino","t5_2qkcg","r/Filipino","public",,"0",,"1","t1",,"","","Listing",,"false","1","false","true","false","Filipino","t5_2qkcg","r/Filipino","public",,"0",,"1","t1",,,,,,,,,,,,,,,,,,,,,,,,,,,,,,,,,,,,,,,,,,,,,,,,,,,,,,,,,,,,,,,,,,,,,,,,,,,,,,,,,,,,,,,,,,,,,,,,,,,,,,,,,,,,,,,,,,,,,,,,,,,,,,,,,,,,,,,,"","","Listing",,"false","6","false","true","false","Filipino","t5_2qkcg","r/Filipino","public",,"0",,"6","https://www.reddit.com/r/Filipino/comments/iba90z/online_classes_in_the_philippines_is_a_big_giant/g1tj2d8/"
,,"false",,"just_JamesD",,,,,,"text","t2_4krq3sci","false","false","false",,,"I hope i could","&lt;div class=""md""&gt;&lt;p&gt;I hope i could&lt;/p&gt;
&lt;/div&gt;","false","false","false",,,,,"0",,"1597670502","1597670502","1",,"0","false","0","g1uqaiq","true",,"t3_iba90z","false",,,,"t1_g1uqaiq","true",,"t1_g1tj2d8","/r/Filipino/comments/iba90z/online_classes_in_the_philippines_is_a_big_giant/g1uqaiq/",,,,,,,"false",,"applejems",,,,,,"text","t2_2jy6udfj","false","false","false",,,"It's really bad here bro. Not only you're putting your future at risk but your life too.","&lt;div class=""md""&gt;&lt;p&gt;It&amp;#39;s really bad here bro. Not only you&amp;#39;re putting your future at risk but your life too.&lt;/p&gt;
&lt;/div&gt;","false","false","false",,,,,"0",,"1597670658","1597670658","2",,"0","false","0","g1uqp93","false",,"t3_iba90z","false",,,,"t1_g1uqp93","true",,"t1_g1uqaiq","/r/Filipino/comments/iba90z/online_classes_in_the_philippines_is_a_big_giant/g1uqp93/",,,,,,,,,,,,,,,,,,,,,,,,,,,,,,,,"0",,,"3",,,,,"_",,,,,,,,"t1__",,,"t1_g1uqp93",,,,,,,,,,,,,,,,,,,,,,,,,,,,,,,,,,,,,,,,,,,,,,,,,,,,,,,,,,,,,,,,,,,,,,,,,,,,,,,,,,,,,,,,,"more",,"","","Listing",,"false","1","false","true","false","Filipino","t5_2qkcg","r/Filipino","public",,"0",,"1","t1",,,,,,,,,,,,,,,,,,,,,,,,,,,,,,,,,,,,,,,,,,,,,,,,,,,,,,,,,,,,,,,,,,,,,,,,,,,,,,,,,,,,,,,,,,,,,,,,,,,,,,,,,,,,,,,,,,,,,,,,,,,,,,,,,,,,,,,,"","","Listing",,"false","1","false","true","false","Filipino","t5_2qkcg","r/Filipino","public",,"0",,"1","https://www.reddit.com/r/Filipino/comments/iba90z/online_classes_in_the_philippines_is_a_big_giant/g1uqaiq/"
,,"false",,"applejems",,,,,,"text","t2_2jy6udfj","false","false","false",,,"It's really bad here bro. Not only you're putting your future at risk but your life too.","&lt;div class=""md""&gt;&lt;p&gt;It&amp;#39;s really bad here bro. Not only you&amp;#39;re putting your future at risk but your life too.&lt;/p&gt;
&lt;/div&gt;","false","false","false",,,,,"0",,"1597670658","1597670658","2",,"0","false","0","g1uqp93","false",,"t3_iba90z","false",,,,"t1_g1uqp93","true",,"t1_g1uqaiq","/r/Filipino/comments/iba90z/online_classes_in_the_philippines_is_a_big_giant/g1uqp93/",,,,,,,,,,,,,,,,,,,,,,,,,,,,,,,,"0",,,"3",,,,,"_",,,,,,,,"t1__",,,"t1_g1uqp93",,,,,,,,,,,,,,,,,,,,,,,,,,,,,,,,,,,,,,,,,,,,,,,,,,,,,,,,,,,,,,,,,,,,,,,,,,,,,,,,,,,,,,,,,,,,,,,,,,,,,,,,,,,,,,,,,,,,,,,,,,,,,,,,,,,,,,,,,,,,,,,,,,,,,,,,,,,,,,,,"more",,,,,,,,,,,,,,,,,,,,,,,,,,,,,,,,,,,,,,,,,,,,,,,,,,,,,,,,,,,,,,,,,,,,,,,,,,,,,,,,,,,,,,,,,,,,,,,,,,,,,,,,,,,,,,,,,,,,,,,,,,,,,,,,,,,,,,,,"","","Listing",,"false","1","false","true","false","Filipino","t5_2qkcg","r/Filipino","public",,"0",,"1","https://www.reddit.com/r/Filipino/comments/iba90z/online_classes_in_the_philippines_is_a_big_giant/g1uqp93/"
,,,,,,,,,,,,,,,,,,,,,,,,,,,"0",,,"3",,,,,"_",,,,,,,,"t1__",,,"t1_g1uqp93",,,,,,,,,,,,,,,,,,,,,,,,,,,,,,,,,,,,,,,,,,,,,,,,,,,,,,,,,,,,,,,,,,,,,,,,,,,,,,,,,,,,,,,,,,,,,,,,,,,,,,,,,,,,,,,,,,,,,,,,,,,,,,,,,,,,,,,,,,,,,,,,,,,,,,,,,,,,,,,,,,,,,,,,,,,,,,,,,,,,,,,,,,,,,,,,,,,,,,,,,,,,,,,,,,,,,,,,,,,,,,,,,,,,,,,,,,,,,,,,,,,,,,,,,,,,,,,,,,,,,,,,,,,,,,,,,,,,,,,,,,,,,,,,,,,,,,,,,,,,,,,,,,,,,,,,,,,,,,,,,,,,,,,,,,,,,,,,,,,,,,,,,,,,,,,,,,,,,,,,,,,,,"https://www.reddit.comundefined"
,,"false",,"applejems",,,,,,"text","t2_2jy6udfj","false","false","false",,,"It's really bad here bro. Not only you're putting your future at risk but your life too.","&lt;div class=""md""&gt;&lt;p&gt;It&amp;#39;s really bad here bro. Not only you&amp;#39;re putting your future at risk but your life too.&lt;/p&gt;
&lt;/div&gt;","false","false","false",,,,,"0",,"1597670658","1597670658","0",,"0","false","0","g1uqp93","false",,"t3_iba90z","false",,,,"t1_g1uqp93","true",,"t1_g1uqaiq","/r/Filipino/comments/iba90z/online_classes_in_the_philippines_is_a_big_giant/g1uqp93/",,,,,,,"false",,"just_JamesD",,,,,,"text","t2_4krq3sci","false","false","false",,,"How?","&lt;div class=""md""&gt;&lt;p&gt;How?&lt;/p&gt;
&lt;/div&gt;","false","false","false",,,,,"0",,"1597679535","1597679535","1",,"0","false","0","g1vgo0n","true",,"t3_iba90z","false",,,,"t1_g1vgo0n","true",,"t1_g1uqp93","/r/Filipino/comments/iba90z/online_classes_in_the_philippines_is_a_big_giant/g1vgo0n/",,,,,,,"false",,"applejems",,,,,,"text","t2_2jy6udfj","false","false","false",,,"For starters, you're in a country where a facist leader reigns supreme and you can get tagged as a terrorist if you're an activist. If you find cops disgusting in US, wait til you find out what the cops here in ph are made out of. The government doesn't listen to its people and doesn't seem to acknowledge them. 

We've been asking for academic freeze cause online classes are anti-poor and isn't that effective as to not all of the programs in college are teachable online.  We have labs as well and teaching online isn't going to cut it. There are a lot of factors into why it isnt safe here as of the moment. 

Also, it's not really healthy for students. If you're not ready and it's really taking a toll on yor mental health, you can rest or if you really want to continue, some universities still have guidance councilors online where in you can approach them and talk about your problems. Please take care of your mental health bro!!","&lt;div class=""md""&gt;&lt;p&gt;For starters, you&amp;#39;re in a country where a facist leader reigns supreme and you can get tagged as a terrorist if you&amp;#39;re an activist. If you find cops disgusting in US, wait til you find out what the cops here in ph are made out of. The government doesn&amp;#39;t listen to its people and doesn&amp;#39;t seem to acknowledge them. &lt;/p&gt;

&lt;p&gt;We&amp;#39;ve been asking for academic freeze cause online classes are anti-poor and isn&amp;#39;t that effective as to not all of the programs in college are teachable online.  We have labs as well and teaching online isn&amp;#39;t going to cut it. There are a lot of factors into why it isnt safe here as of the moment. &lt;/p&gt;

&lt;p&gt;Also, it&amp;#39;s not really healthy for students. If you&amp;#39;re not ready and it&amp;#39;s really taking a toll on yor mental health, you can rest or if you really want to continue, some universities still have guidance councilors online where in you can approach them and talk about your problems. Please take care of your mental health bro!!&lt;/p&gt;
&lt;/div&gt;","false","false","false",,,,,"0",,"1597703215","1597703215","2",,"0","1597703679","0","g1x4t4z","false",,"t3_iba90z","false",,,,"t1_g1x4t4z","false",,"t1_g1vgo0n","/r/Filipino/comments/iba90z/online_classes_in_the_philippines_is_a_big_giant/g1x4t4z/",,,,,,,"false",,"just_JamesD",,,,,,"text","t2_4krq3sci","false","false","false",,,"Thank you bro","&lt;div class=""md""&gt;&lt;p&gt;Thank you bro&lt;/p&gt;
&lt;/div&gt;","false","false","false",,,,,"0",,"1597708199","1597708199","3",,"0","false","0","g1xebdm","true",,"t3_iba90z","false",,,,"t1_g1xebdm","true",,"t1_g1x4t4z","/r/Filipino/comments/iba90z/online_classes_in_the_philippines_is_a_big_giant/g1xebdm/",,"",,"false","1","false","true","false","Filipino","t5_2qkcg","r/Filipino","public",,"0",,"1","t1",,"","","Listing",,"false","5","false","true","false","Filipino","t5_2qkcg","r/Filipino","public",,"0",,"5","t1",,"","","Listing",,"false","1","false","true","false","Filipino","t5_2qkcg","r/Filipino","public",,"0",,"1","t1",,,,,,,,,,,,,,,,,,,,,,,,,,,,,,,,,,,,,,,,,,,,,,,,,,,,,,,,,,,,,,,,,,,,,,,,,,,,,,,,,,,,,,,,,,,,,,,,,,,,,,,,,,,,,,,,,,,,,,,,,,,,,,,,,,,,,,,,"","","Listing",,"false","1","false","true","false","Filipino","t5_2qkcg","r/Filipino","public",,"0",,"1","https://www.reddit.com/r/Filipino/comments/iba90z/online_classes_in_the_philippines_is_a_big_giant/g1uqp93/"
,,"false",,"just_JamesD",,,,,,"text","t2_4krq3sci","false","false","false",,,"How?","&lt;div class=""md""&gt;&lt;p&gt;How?&lt;/p&gt;
&lt;/div&gt;","false","false","false",,,,,"0",,"1597679535","1597679535","1",,"0","false","0","g1vgo0n","true",,"t3_iba90z","false",,,,"t1_g1vgo0n","true",,"t1_g1uqp93","/r/Filipino/comments/iba90z/online_classes_in_the_philippines_is_a_big_giant/g1vgo0n/",,,,,,,"false",,"applejems",,,,,,"text","t2_2jy6udfj","false","false","false",,,"For starters, you're in a country where a facist leader reigns supreme and you can get tagged as a terrorist if you're an activist. If you find cops disgusting in US, wait til you find out what the cops here in ph are made out of. The government doesn't listen to its people and doesn't seem to acknowledge them. 

We've been asking for academic freeze cause online classes are anti-poor and isn't that effective as to not all of the programs in college are teachable online.  We have labs as well and teaching online isn't going to cut it. There are a lot of factors into why it isnt safe here as of the moment. 

Also, it's not really healthy for students. If you're not ready and it's really taking a toll on yor mental health, you can rest or if you really want to continue, some universities still have guidance councilors online where in you can approach them and talk about your problems. Please take care of your mental health bro!!","&lt;div class=""md""&gt;&lt;p&gt;For starters, you&amp;#39;re in a country where a facist leader reigns supreme and you can get tagged as a terrorist if you&amp;#39;re an activist. If you find cops disgusting in US, wait til you find out what the cops here in ph are made out of. The government doesn&amp;#39;t listen to its people and doesn&amp;#39;t seem to acknowledge them. &lt;/p&gt;

&lt;p&gt;We&amp;#39;ve been asking for academic freeze cause online classes are anti-poor and isn&amp;#39;t that effective as to not all of the programs in college are teachable online.  We have labs as well and teaching online isn&amp;#39;t going to cut it. There are a lot of factors into why it isnt safe here as of the moment. &lt;/p&gt;

&lt;p&gt;Also, it&amp;#39;s not really healthy for students. If you&amp;#39;re not ready and it&amp;#39;s really taking a toll on yor mental health, you can rest or if you really want to continue, some universities still have guidance councilors online where in you can approach them and talk about your problems. Please take care of your mental health bro!!&lt;/p&gt;
&lt;/div&gt;","false","false","false",,,,,"0",,"1597703215","1597703215","2",,"0","1597703679","0","g1x4t4z","false",,"t3_iba90z","false",,,,"t1_g1x4t4z","false",,"t1_g1vgo0n","/r/Filipino/comments/iba90z/online_classes_in_the_philippines_is_a_big_giant/g1x4t4z/",,,,,,,"false",,"just_JamesD",,,,,,"text","t2_4krq3sci","false","false","false",,,"Thank you bro","&lt;div class=""md""&gt;&lt;p&gt;Thank you bro&lt;/p&gt;
&lt;/div&gt;","false","false","false",,,,,"0",,"1597708199","1597708199","3",,"0","false","0","g1xebdm","true",,"t3_iba90z","false",,,,"t1_g1xebdm","true",,"t1_g1x4t4z","/r/Filipino/comments/iba90z/online_classes_in_the_philippines_is_a_big_giant/g1xebdm/",,"",,,,,,,,,,,,,,,,,,,,,,,,,,,,,,,,,,,,,,,,,,,,,,,,,,,,,,,,,,,,,,,,,,,,,,,,,"false","1","false","true","false","Filipino","t5_2qkcg","r/Filipino","public",,"0",,"1","t1",,"","","Listing",,"false","5","false","true","false","Filipino","t5_2qkcg","r/Filipino","public",,"0",,"5","t1",,,,,,,,,,,,,,,,,,,,,,,,,,,,,,,,,,,,,,,,,,,,,,,,,,,,,,,,,,,,,,,,,,,,,,,,,,,,,,,,,,,,,,,,,,,,,,,,,,,,,,,,,,,,,,,,,,,,,,,,,,,,,,,,,,,,,,,,"","","Listing",,"false","1","false","true","false","Filipino","t5_2qkcg","r/Filipino","public",,"0",,"1","https://www.reddit.com/r/Filipino/comments/iba90z/online_classes_in_the_philippines_is_a_big_giant/g1vgo0n/"
,,"false",,"applejems",,,,,,"text","t2_2jy6udfj","false","false","false",,,"For starters, you're in a country where a facist leader reigns supreme and you can get tagged as a terrorist if you're an activist. If you find cops disgusting in US, wait til you find out what the cops here in ph are made out of. The government doesn't listen to its people and doesn't seem to acknowledge them. 

We've been asking for academic freeze cause online classes are anti-poor and isn't that effective as to not all of the programs in college are teachable online.  We have labs as well and teaching online isn't going to cut it. There are a lot of factors into why it isnt safe here as of the moment. 

Also, it's not really healthy for students. If you're not ready and it's really taking a toll on yor mental health, you can rest or if you really want to continue, some universities still have guidance councilors online where in you can approach them and talk about your problems. Please take care of your mental health bro!!","&lt;div class=""md""&gt;&lt;p&gt;For starters, you&amp;#39;re in a country where a facist leader reigns supreme and you can get tagged as a terrorist if you&amp;#39;re an activist. If you find cops disgusting in US, wait til you find out what the cops here in ph are made out of. The government doesn&amp;#39;t listen to its people and doesn&amp;#39;t seem to acknowledge them. &lt;/p&gt;

&lt;p&gt;We&amp;#39;ve been asking for academic freeze cause online classes are anti-poor and isn&amp;#39;t that effective as to not all of the programs in college are teachable online.  We have labs as well and teaching online isn&amp;#39;t going to cut it. There are a lot of factors into why it isnt safe here as of the moment. &lt;/p&gt;

&lt;p&gt;Also, it&amp;#39;s not really healthy for students. If you&amp;#39;re not ready and it&amp;#39;s really taking a toll on yor mental health, you can rest or if you really want to continue, some universities still have guidance councilors online where in you can approach them and talk about your problems. Please take care of your mental health bro!!&lt;/p&gt;
&lt;/div&gt;","false","false","false",,,,,"0",,"1597703215","1597703215","2",,"0","1597703679","0","g1x4t4z","false",,"t3_iba90z","false",,,,"t1_g1x4t4z","false",,"t1_g1vgo0n","/r/Filipino/comments/iba90z/online_classes_in_the_philippines_is_a_big_giant/g1x4t4z/",,,,,,,"false",,"just_JamesD",,,,,,"text","t2_4krq3sci","false","false","false",,,"Thank you bro","&lt;div class=""md""&gt;&lt;p&gt;Thank you bro&lt;/p&gt;
&lt;/div&gt;","false","false","false",,,,,"0",,"1597708199","1597708199","3",,"0","false","0","g1xebdm","true",,"t3_iba90z","false",,,,"t1_g1xebdm","true",,"t1_g1x4t4z","/r/Filipino/comments/iba90z/online_classes_in_the_philippines_is_a_big_giant/g1xebdm/",,"",,,,,,,,,,,,,,,,,,,,,,,,,,,,,,,,,,,,,,,,,,,,,,,,,,,,,,,,,,,,,,,,,,,,,,,,,,,,,,,,,,,,,,,,,,,,,,,,,,,,,,,,,,,,,,,,,,,,,,,,,,,,,,,,,,,,,,,,,,,,,,,,"false","1","false","true","false","Filipino","t5_2qkcg","r/Filipino","public",,"0",,"1","t1",,,,,,,,,,,,,,,,,,,,,,,,,,,,,,,,,,,,,,,,,,,,,,,,,,,,,,,,,,,,,,,,,,,,,,,,,,,,,,,,,,,,,,,,,,,,,,,,,,,,,,,,,,,,,,,,,,,,,,,,,,,,,,,,,,,,,,,,"","","Listing",,"false","5","false","true","false","Filipino","t5_2qkcg","r/Filipino","public",,"0",,"5","https://www.reddit.com/r/Filipino/comments/iba90z/online_classes_in_the_philippines_is_a_big_giant/g1x4t4z/"
,,"false",,"just_JamesD",,,,,,"text","t2_4krq3sci","false","false","false",,,"Thank you bro","&lt;div class=""md""&gt;&lt;p&gt;Thank you bro&lt;/p&gt;
&lt;/div&gt;","false","false","false",,,,,"0",,"1597708199","1597708199","3",,"0","false","0","g1xebdm","true",,"t3_iba90z","false",,,,"t1_g1xebdm","true",,"t1_g1x4t4z","/r/Filipino/comments/iba90z/online_classes_in_the_philippines_is_a_big_giant/g1xebdm/",,"",,,,,,,,,,,,,,,,,,,,,,,,,,,,,,,,,,,,,,,,,,,,,,,,,,,,,,,,,,,,,,,,,,,,,,,,,,,,,,,,,,,,,,,,,,,,,,,,,,,,,,,,,,,,,,,,,,,,,,,,,,,,,,,,,,,,,,,,,,,,,,,,,,,,,,,,,,,,,,,,,,,,,,,,,,,,,,,,,,,,,,,,,,,,,,,,,,,,,,,,,,,,,,,,,,,,,,,,,,,,,,,,,,,,,,,,,,,,,,,,,,,,,,,,,,,,,,,,,,,,,,,,,,,,,,,,,,,,,,,,,,,,,,,,,,,,,,,,,,,,,,,,,,,,,,,,,,,,,,,,,,,,,,,,,,,,,,,,,,,,,,,,,,,,,"false","1","false","true","false","Filipino","t5_2qkcg","r/Filipino","public",,"0",,"1","https://www.reddit.com/r/Filipino/comments/iba90z/online_classes_in_the_philippines_is_a_big_giant/g1xebdm/"
,,"false",,"aviponl",,,,,,"text","t2_36iuwji0","false","false","false",,,"i cant imagine what online school is like in the Philippines (and other countries) especially those who don’t have access to internet/devices. i really hope this pandemic ends","&lt;div class=""md""&gt;&lt;p&gt;i cant imagine what online school is like in the Philippines (and other countries) especially those who don’t have access to internet/devices. i really hope this pandemic ends&lt;/p&gt;
&lt;/div&gt;","false","false","false",,,,,"0",,"1597678336","1597678336","0",,"0","false","0","g1vcx4l","false",,"t3_iba90z","false",,,,"t1_g1vcx4l","true",,"t3_iba90z","/r/Filipino/comments/iba90z/online_classes_in_the_philippines_is_a_big_giant/g1vcx4l/",,,,,,,"false",,"just_JamesD",,,,,,"text","t2_4krq3sci","false","false","false",,,"Since my school is part of CHED (commission on higher education) even if quarantine end we still have to finish online classes","&lt;div class=""md""&gt;&lt;p&gt;Since my school is part of CHED (commission on higher education) even if quarantine end we still have to finish online classes&lt;/p&gt;
&lt;/div&gt;","false","false","false",,,,,"0",,"1597679495","1597679495","1",,"0","false","0","g1vgjqe","true",,"t3_iba90z","false",,,,"t1_g1vgjqe","true",,"t1_g1vcx4l","/r/Filipino/comments/iba90z/online_classes_in_the_philippines_is_a_big_giant/g1vgjqe/",,"",,,,,,,,,,,,,,,,,,,,,,,,,,,,,,,,,,,,,,,,,,,,,,,,,,,,,,,,,,,,,,,,,,,,,,,,,,,,,,,,,,,,,,,,,,,,,,,,,,,,,,,,,,,,,,,,,,,,,,,,,,,,,,,,,,,,,,,,,,,,,,,,"false","1","false","true","false","Filipino","t5_2qkcg","r/Filipino","public",,"0",,"1","t1",,,"false",,"[deleted]","",,,,"dark",,,"false",,,,,"good and satisfactory online class experiece in my case, people should stop presuming that ALL institutions in Ph are in a ""horrible"" condition. It just depends on WHERE you study.","&lt;div class=""md""&gt;&lt;p&gt;good and satisfactory online class experiece in my case, people should stop presuming that ALL institutions in Ph are in a &amp;quot;horrible&amp;quot; condition. It just depends on WHERE you study.&lt;/p&gt;
&lt;/div&gt;","false","false","false",,,,,"0","1600616200","1600616200","1",,"0","false","0","g5zoctv","false",,"t3_iba90z","false",,,,"t1_g5zoctv","true",,"t1_g1vcx4l","/r/Filipino/comments/iba90z/online_classes_in_the_philippines_is_a_big_giant/g5zoctv/",,"",,,,,,,,,,,,,,,,,,,,,,,,,,,,,,,,,,,,,,,,,,,,,,,,,,,,,,,,,,,,,,,,,,,,,,,,"false","1","false","true","false","Filipino","t5_2qkcg","r/Filipino","public",,"0",,"1","t1",,"","","Listing",,"false","2","false","true","false","Filipino","t5_2qkcg","r/Filipino","public",,"0",,"2","https://www.reddit.com/r/Filipino/comments/iba90z/online_classes_in_the_philippines_is_a_big_giant/g1vcx4l/"
,,"false",,"just_JamesD",,,,,,"text","t2_4krq3sci","false","false","false",,,"Since my school is part of CHED (commission on higher education) even if quarantine end we still have to finish online classes","&lt;div class=""md""&gt;&lt;p&gt;Since my school is part of CHED (commission on higher education) even if quarantine end we still have to finish online classes&lt;/p&gt;
&lt;/div&gt;","false","false","false",,,,,"0",,"1597679495","1597679495","1",,"0","false","0","g1vgjqe","true",,"t3_iba90z","false",,,,"t1_g1vgjqe","true",,"t1_g1vcx4l","/r/Filipino/comments/iba90z/online_classes_in_the_philippines_is_a_big_giant/g1vgjqe/",,"",,,,,,,,,,,,,,,,,,,,,,,,,,,,,,,,,,,,,,,,,,,,,,,,,,,,,,,,,,,,,,,,,,,,,,,,,,,,,,,,,,,,,,,,,,,,,,,,,,,,,,,,,,,,,,,,,,,,,,,,,,,,,,,,,,,,,,,,,,,,,,,,,,,,,,,,,,,,,,,,,,,,,,,,,,,,,,,,,,,,,,,,,,,,,,,,,,,,,,,,,,,,,,,,,,,,,,,,,,,,,,,,,,,,,,,,,,,,,,,,,,,,,,,,,,,,,,,,,,,,,,,,,,,,,,,,,,,,,,,,,,,,,,,,,,,,,,,,,,,,,,,,,,,,,,,,,,,,,,,,,,,,,,,,,,,,,,,,,,,,,,,,,,,,,"false","1","false","true","false","Filipino","t5_2qkcg","r/Filipino","public",,"0",,"1","https://www.reddit.com/r/Filipino/comments/iba90z/online_classes_in_the_philippines_is_a_big_giant/g1vgjqe/"
,,"false",,"[deleted]","",,,,"dark",,,"false",,,,,"good and satisfactory online class experiece in my case, people should stop presuming that ALL institutions in Ph are in a ""horrible"" condition. It just depends on WHERE you study.","&lt;div class=""md""&gt;&lt;p&gt;good and satisfactory online class experiece in my case, people should stop presuming that ALL institutions in Ph are in a &amp;quot;horrible&amp;quot; condition. It just depends on WHERE you study.&lt;/p&gt;
&lt;/div&gt;","false","false","false",,,,,"0",,"1600616200","1600616200","1",,"0","false","0","g5zoctv","false",,"t3_iba90z","false",,,,"t1_g5zoctv","true",,"t1_g1vcx4l","/r/Filipino/comments/iba90z/online_classes_in_the_philippines_is_a_big_giant/g5zoctv/",,"",,,,,,,,,,,,,,,,,,,,,,,,,,,,,,,,,,,,,,,,,,,,,,,,,,,,,,,,,,,,,,,,,,,,,,,,,,,,,,,,,,,,,,,,,,,,,,,,,,,,,,,,,,,,,,,,,,,,,,,,,,,,,,,,,,,,,,,,,,,,,,,,,,,,,,,,,,,,,,,,,,,,,,,,,,,,,,,,,,,,,,,,,,,,,,,,,,,,,,,,,,,,,,,,,,,,,,,,,,,,,,,,,,,,,,,,,,,,,,,,,,,,,,,,,,,,,,,,,,,,,,,,,,,,,,,,,,,,,,,,,,,,,,,,,,,,,,,,,,,,,,,,,,,,,,,,,,,,,,,,,,,,,,,,,,,,,,,,,,,,,,,,,,,,,"false","1","false","true","false","Filipino","t5_2qkcg","r/Filipino","public",,"0",,"1","https://www.reddit.com/r/Filipino/comments/iba90z/online_classes_in_the_philippines_is_a_big_giant/g5zoctv/"
,,"false",,"[deleted]","",,,,"dark",,,"false",,,,,"[deleted]","&lt;div class=""md""&gt;&lt;p&gt;[deleted]&lt;/p&gt;
&lt;/div&gt;","false","false","true",,,"DELETED",,"0",,"1597678429","1597678429","0",,"0","false","0","g1vd7ki","false",,"t3_iba90z","false",,,,"t1_g1vd7ki","true",,"t3_iba90z","/r/Filipino/comments/iba90z/online_classes_in_the_philippines_is_a_big_giant/g1vd7ki/",,,,,,,"false",,"just_JamesD",,,,,,"text","t2_4krq3sci","false","false","false",,,"Freshman, i should be sophomore but difference in curriculum pulled me back","&lt;div class=""md""&gt;&lt;p&gt;Freshman, i should be sophomore but difference in curriculum pulled me back&lt;/p&gt;
&lt;/div&gt;","false","false","false",,,,,"0",,"1597679418","1597679418","1",,"0","false","0","g1vgbyo","true",,"t3_iba90z","false",,,,"t1_g1vgbyo","true",,"t1_g1vd7ki","/r/Filipino/comments/iba90z/online_classes_in_the_philippines_is_a_big_giant/g1vgbyo/",,"",,,,,,,,,,,,,,,,,,,,,,,,,,,,,,,,,,,,,,,,,,,,,,,,,,,,,,,,,,,,,,,,,,,,,,,,,,,,,,,,,,,,,,,,,,,,,,,,,,,,,,,,,,,,,,,,,,,,,,,,,,,,,,,,,,,,,,,,,,,,,,,,"false","1","false","true","false","Filipino","t5_2qkcg","r/Filipino","public",,"0",,"1","t1",,,,,,,,,,,,,,,,,,,,,,,,,,,,,,,,,,,,,,,,,,,,,,,,,,,,,,,,,,,,,,,,,,,,,,,,,,,,,,,,,,,,,,,,,,,,,,,,,,,,,,,,,,,,,,,,,,,,,,,,,,,,,,,,,,,,,,,,"","","Listing",,"false","1","false","true","false","Filipino","t5_2qkcg","r/Filipino","public",,"0",,"1","https://www.reddit.com/r/Filipino/comments/iba90z/online_classes_in_the_philippines_is_a_big_giant/g1vd7ki/"
,,"false",,"just_JamesD",,,,,,"text","t2_4krq3sci","false","false","false",,,"Freshman, i should be sophomore but difference in curriculum pulled me back","&lt;div class=""md""&gt;&lt;p&gt;Freshman, i should be sophomore but difference in curriculum pulled me back&lt;/p&gt;
&lt;/div&gt;","false","false","false",,,,,"0",,"1597679418","1597679418","1",,"0","false","0","g1vgbyo","true",,"t3_iba90z","false",,,,"t1_g1vgbyo","true",,"t1_g1vd7ki","/r/Filipino/comments/iba90z/online_classes_in_the_philippines_is_a_big_giant/g1vgbyo/",,"",,,,,,,,,,,,,,,,,,,,,,,,,,,,,,,,,,,,,,,,,,,,,,,,,,,,,,,,,,,,,,,,,,,,,,,,,,,,,,,,,,,,,,,,,,,,,,,,,,,,,,,,,,,,,,,,,,,,,,,,,,,,,,,,,,,,,,,,,,,,,,,,,,,,,,,,,,,,,,,,,,,,,,,,,,,,,,,,,,,,,,,,,,,,,,,,,,,,,,,,,,,,,,,,,,,,,,,,,,,,,,,,,,,,,,,,,,,,,,,,,,,,,,,,,,,,,,,,,,,,,,,,,,,,,,,,,,,,,,,,,,,,,,,,,,,,,,,,,,,,,,,,,,,,,,,,,,,,,,,,,,,,,,,,,,,,,,,,,,,,,,,,,,,,,"false","1","false","true","false","Filipino","t5_2qkcg","r/Filipino","public",,"0",,"1","https://www.reddit.com/r/Filipino/comments/iba90z/online_classes_in_the_philippines_is_a_big_giant/g1vgbyo/"
,,"false",,"ChristianongRonaldo",,,,,,"text","t2_2xq7wecg","false","false","false",,,"We're actually doing the exact same thing here in California, but it differs depending on the professor. I took a sociology class over the summer, which i had finished a few weeks ago, and all she did was release audio lectures, post slides from previous years, made us read an online textbook, and assign group work. We had tests almost every week.","&lt;div class=""md""&gt;&lt;p&gt;We&amp;#39;re actually doing the exact same thing here in California, but it differs depending on the professor. I took a sociology class over the summer, which i had finished a few weeks ago, and all she did was release audio lectures, post slides from previous years, made us read an online textbook, and assign group work. We had tests almost every week.&lt;/p&gt;
&lt;/div&gt;","false","false","false",,,,,"0",,"1597693840","1597693840","0",,"0","false","0","g1wfhi5","false",,"t3_iba90z","false",,,,"t1_g1wfhi5","true",,"t3_iba90z","/r/Filipino/comments/iba90z/online_classes_in_the_philippines_is_a_big_giant/g1wfhi5/",,"",,,,,,,,,,,,,,,,,,,,,,,,,,,,,,,,,,,,,,,,,,,,,,,,,,,,,,,,,,,,,,,,,,,,,,,,,,,,,,,,,,,,,,,,,,,,,,,,,,,,,,,,,,,,,,,,,,,,,,,,,,,,,,,,,,,,,,,,,,,,,,,,,,,,,,,,,,,,,,,,,,,,,,,,,,,,,,,,,,,,,,,,,,,,,,,,,,,,,,,,,,,,,,,,,,,,,,,,,,,,,,,,,,,,,,,,,,,,,,,,,,,,,,,,,,,,,,,,,,,,,,,,,,,,,,,,,,,,,,,,,,,,,,,,,,,,,,,,,,,,,,,,,,,,,,,,,,,,,,,,,,,,,,,,,,,,,,,,,,,,,,,,,,,,,"false","1","false","true","false","Filipino","t5_2qkcg","r/Filipino","public",,"0",,"1","https://www.reddit.com/r/Filipino/comments/iba90z/online_classes_in_the_philippines_is_a_big_giant/g1wfhi5/"
,,"false",,"[deleted]","",,,,"dark",,,"false",,,,,"For starters, we were not all ready for this online class.","&lt;div class=""md""&gt;&lt;p&gt;For starters, we were not all ready for this online class.&lt;/p&gt;
&lt;/div&gt;","false","false","false",,,,,"0",,"1597866021","1597866021","0",,"0","false","0","g24wsbh","false",,"t3_iba90z","false",,,,"t1_g24wsbh","true",,"t3_iba90z","/r/Filipino/comments/iba90z/online_classes_in_the_philippines_is_a_big_giant/g24wsbh/",,"",,,,,,,,,,,,,,,,,,,,,,,,,,,,,,,,,,,,,,,,,,,,,,,,,,,,,,,,,,,,,,,,,,,,,,,,,,,,,,,,,,,,,,,,,,,,,,,,,,,,,,,,,,,,,,,,,,,,,,,,,,,,,,,,,,,,,,,,,,,,,,,,,,,,,,,,,,,,,,,,,,,,,,,,,,,,,,,,,,,,,,,,,,,,,,,,,,,,,,,,,,,,,,,,,,,,,,,,,,,,,,,,,,,,,,,,,,,,,,,,,,,,,,,,,,,,,,,,,,,,,,,,,,,,,,,,,,,,,,,,,,,,,,,,,,,,,,,,,,,,,,,,,,,,,,,,,,,,,,,,,,,,,,,,,,,,,,,,,,,,,,,,,,,,,"false","1","false","true","false","Filipino","t5_2qkcg","r/Filipino","public",,"0",,"1","https://www.reddit.com/r/Filipino/comments/iba90z/online_classes_in_the_philippines_is_a_big_giant/g24wsbh/"
,,"false",,"[deleted]","",,,,"dark",,,"false",,,,,"First off I don't think it's a good thing to state ""in the Philippines"", you haven't experienced studying in each and every school in the Ph for you to say that. Plus, it will give a poor impression to ""non-Ph"" people. I'm currently in the Ph and studying here too via online classes. It's totally a fine experience for me, no problem on most times.","&lt;div class=""md""&gt;&lt;p&gt;First off I don&amp;#39;t think it&amp;#39;s a good thing to state &amp;quot;in the Philippines&amp;quot;, you haven&amp;#39;t experienced studying in each and every school in the Ph for you to say that. Plus, it will give a poor impression to &amp;quot;non-Ph&amp;quot; people. I&amp;#39;m currently in the Ph and studying here too via online classes. It&amp;#39;s totally a fine experience for me, no problem on most times.&lt;/p&gt;
&lt;/div&gt;","false","false","false",,,,,"0",,"1600617257","1600617257","0",,"0","false","0","g5zqhb7","false",,"t3_iba90z","false",,,,"t1_g5zqhb7","true",,"t3_iba90z","/r/Filipino/comments/iba90z/online_classes_in_the_philippines_is_a_big_giant/g5zqhb7/",,,,,,,"false",,"dadbot_2",,,,,,"text","t2_5i5yuoxf","false","false","false",,,"Hi currently in the Ph and studying here too via online classes, I'm Dad👨","&lt;div class=""md""&gt;&lt;p&gt;Hi currently in the Ph and studying here too via online classes, I&amp;#39;m Dad👨&lt;/p&gt;
&lt;/div&gt;","false","false","false",,,,,"0",,"1600617270","1600617270","1",,"0","false","0","g5zqihm","false",,"t3_iba90z","false",,,,"t1_g5zqihm","true",,"t1_g5zqhb7","/r/Filipino/comments/iba90z/online_classes_in_the_philippines_is_a_big_giant/g5zqihm/",,"",,,,,,,,,,,,,,,,,,,,,,,,,,,,,,,,,,,,,,,,,,,,,,,,,,,,,,,,,,,,,,,,,,,,,,,,,,,,,,,,,,,,,,,,,,,,,,,,,,,,,,,,,,,,,,,,,,,,,,,,,,,,,,,,,,,,,,,,,,,,,,,,"false","1","false","true","false","Filipino","t5_2qkcg","r/Filipino","public",,"0",,"1","t1",,,,,,,,,,,,,,,,,,,,,,,,,,,,,,,,,,,,,,,,,,,,,,,,,,,,,,,,,,,,,,,,,,,,,,,,,,,,,,,,,,,,,,,,,,,,,,,,,,,,,,,,,,,,,,,,,,,,,,,,,,,,,,,,,,,,,,,,"","","Listing",,"false","1","false","true","false","Filipino","t5_2qkcg","r/Filipino","public",,"0",,"1","https://www.reddit.com/r/Filipino/comments/iba90z/online_classes_in_the_philippines_is_a_big_giant/g5zqhb7/"
,,"false",,"dadbot_2",,,,,,"text","t2_5i5yuoxf","false","false","false",,,"Hi currently in the Ph and studying here too via online classes, I'm Dad👨","&lt;div class=""md""&gt;&lt;p&gt;Hi currently in the Ph and studying here too via online classes, I&amp;#39;m Dad👨&lt;/p&gt;
&lt;/div&gt;","false","false","false",,,,,"0",,"1600617270","1600617270","1",,"0","false","0","g5zqihm","false",,"t3_iba90z","false",,,,"t1_g5zqihm","true",,"t1_g5zqhb7","/r/Filipino/comments/iba90z/online_classes_in_the_philippines_is_a_big_giant/g5zqihm/",,"",,,,,,,,,,,,,,,,,,,,,,,,,,,,,,,,,,,,,,,,,,,,,,,,,,,,,,,,,,,,,,,,,,,,,,,,,,,,,,,,,,,,,,,,,,,,,,,,,,,,,,,,,,,,,,,,,,,,,,,,,,,,,,,,,,,,,,,,,,,,,,,,,,,,,,,,,,,,,,,,,,,,,,,,,,,,,,,,,,,,,,,,,,,,,,,,,,,,,,,,,,,,,,,,,,,,,,,,,,,,,,,,,,,,,,,,,,,,,,,,,,,,,,,,,,,,,,,,,,,,,,,,,,,,,,,,,,,,,,,,,,,,,,,,,,,,,,,,,,,,,,,,,,,,,,,,,,,,,,,,,,,,,,,,,,,,,,,,,,,,,,,,,,,,,"false","1","false","true","false","Filipino","t5_2qkcg","r/Filipino","public",,"0",,"1","https://www.reddit.com/r/Filipino/comments/iba90z/online_classes_in_the_philippines_is_a_big_giant/g5zqihm/"
,,"false",,"itchyboi93",,,,,,"text","t2_7gjxp1xq","false","false","false",,,"*^(""the school expects the students to learn what is taught by the teachers by themselves (my current situation we are currently learning chemistry and enthalpy and one of the home-works expects student to have the background knowledge for this, I don’t, due to difference in curriculum"")*

*^(""...classes is basically the teacher reading what’s on the slide. Its absolutely annoying and mind numbing."")*

Interested to know which school you are in since this sounds like many PH universities 🐯 doing their usual face-to-face classes, even before the Rona came around. :)))","&lt;div class=""md""&gt;&lt;p&gt;&lt;em&gt;&lt;sup&gt;&amp;quot;the school expects the students to learn what is taught by the teachers by themselves (my current situation we are currently learning chemistry and enthalpy and one of the home-works expects student to have the background knowledge for this, I don’t, due to difference in curriculum&amp;quot;&lt;/sup&gt;&lt;/em&gt;&lt;/p&gt;

&lt;p&gt;&lt;em&gt;&lt;sup&gt;&amp;quot;...classes is basically the teacher reading what’s on the slide. Its absolutely annoying and mind numbing.&amp;quot;&lt;/sup&gt;&lt;/em&gt;&lt;/p&gt;

&lt;p&gt;Interested to know which school you are in since this sounds like many PH universities 🐯 doing their usual face-to-face classes, even before the Rona came around. :)))&lt;/p&gt;
&lt;/div&gt;","false","false","false",,,,,"0",,"1603362222","1603362222","0",,"0","false","0","g9mu9j0","false",,"t3_iba90z","false",,,,"t1_g9mu9j0","true",,"t3_iba90z","/r/Filipino/comments/iba90z/online_classes_in_the_philippines_is_a_big_giant/g9mu9j0/",,"",,,,,,,,,,,,,,,,,,,,,,,,,,,,,,,,,,,,,,,,,,,,,,,,,,,,,,,,,,,,,,,,,,,,,,,,,,,,,,,,,,,,,,,,,,,,,,,,,,,,,,,,,,,,,,,,,,,,,,,,,,,,,,,,,,,,,,,,,,,,,,,,,,,,,,,,,,,,,,,,,,,,,,,,,,,,,,,,,,,,,,,,,,,,,,,,,,,,,,,,,,,,,,,,,,,,,,,,,,,,,,,,,,,,,,,,,,,,,,,,,,,,,,,,,,,,,,,,,,,,,,,,,,,,,,,,,,,,,,,,,,,,,,,,,,,,,,,,,,,,,,,,,,,,,,,,,,,,,,,,,,,,,,,,,,,,,,,,,,,,,,,,,,,,,"false","1","false","true","false","Filipino","t5_2qkcg","r/Filipino","public",,"0",,"1","https://www.reddit.com/r/Filipino/comments/iba90z/online_classes_in_the_philippines_is_a_big_giant/g9mu9j0/"
,,"false",,"[deleted]","",,,,"dark",,,"false",,,,,"The first weeks in my private school online are great but I went downhill and fucked, it gets worse in the next term. I hate how the school teachers brag about my classmates by their ""good examples"" that make me even more worthless than my own soul. Seems like every school doesn't give a damn about me and the others who left fucked inside. I hope I can end my misery by just sleeping until the pandemic ends.","&lt;div class=""md""&gt;&lt;p&gt;The first weeks in my private school online are great but I went downhill and fucked, it gets worse in the next term. I hate how the school teachers brag about my classmates by their &amp;quot;good examples&amp;quot; that make me even more worthless than my own soul. Seems like every school doesn&amp;#39;t give a damn about me and the others who left fucked inside. I hope I can end my misery by just sleeping until the pandemic ends.&lt;/p&gt;
&lt;/div&gt;","false","false","false",,,,,"0",,"1604974765","1604974765","0",,"0","false","0","gbschpm","false",,"t3_iba90z","false",,,,"t1_gbschpm","true",,"t3_iba90z","/r/Filipino/comments/iba90z/online_classes_in_the_philippines_is_a_big_giant/gbschpm/",,"",,,,,,,,,,,,,,,,,,,,,,,,,,,,,,,,,,,,,,,,,,,,,,,,,,,,,,,,,,,,,,,,,,,,,,,,,,,,,,,,,,,,,,,,,,,,,,,,,,,,,,,,,,,,,,,,,,,,,,,,,,,,,,,,,,,,,,,,,,,,,,,,,,,,,,,,,,,,,,,,,,,,,,,,,,,,,,,,,,,,,,,,,,,,,,,,,,,,,,,,,,,,,,,,,,,,,,,,,,,,,,,,,,,,,,,,,,,,,,,,,,,,,,,,,,,,,,,,,,,,,,,,,,,,,,,,,,,,,,,,,,,,,,,,,,,,,,,,,,,,,,,,,,,,,,,,,,,,,,,,,,,,,,,,,,,,,,,,,,,,,,,,,,,,,"false","1","false","true","false","Filipino","t5_2qkcg","r/Filipino","public",,"0",,"1","https://www.reddit.com/r/Filipino/comments/iba90z/online_classes_in_the_philippines_is_a_big_giant/gbschpm/"
